class,AP,n_images
person,0.9763783642627,2693
giraffe,0.9683904185952205,101
zebra,0.9631585890912451,85
elephant,0.9444717441159224,89
tennis racket,0.9307698766405897,167
skis,0.9166895099054514,120
bear,0.9014979630009732,49
airplane,0.8942232877052015,97
toilet,0.8862965683539832,149
train,0.8822319991379364,157
surfboard,0.8718824064964051,149
cat,0.845919685974458,184
broccoli,0.841600659565907,71
baseball glove,0.8371966703854774,100
sink,0.7931076593606211,187
bus,0.7877147572785994,189
horse,0.7837465931711621,128
kite,0.7657344409041567,91
keyboard,0.7642107614468162,106
skateboard,0.7625352562777978,127
boat,0.7599310659560161,121
mouse,0.7557812433953351,88
pizza,0.7398818144999878,153
sheep,0.7338319086190561,65
baseball bat,0.7272287970147477,97
laptop,0.7237072192060775,183
motorcycle,0.7139123834963181,159
car,0.7124460626207645,535
dog,0.7063419295182928,177
teddy bear,0.6913394400572831,94
bed,0.6810693603037575,149
tv,0.6750891964283918,207
dining table,0.6737511253586316,501
cow,0.6733780066426894,87
couch,0.6525841960118529,195
tie,0.6410465130120343,145
clock,0.6380613440935079,204
traffic light,0.6361462609792481,191
fire hydrant,0.6343067899363647,86
sports ball,0.6056155837325564,169
umbrella,0.6050539626169884,174
banana,0.602146592298927,103
frisbee,0.599055031417474,84
vase,0.5957369330853717,137
oven,0.584797911148838,115
chair,0.5834499512745859,580
orange,0.5704953305765775,85
bird,0.5518484030975496,125
bicycle,0.551432160146857,149
snowboard,0.5347946311086614,49
bowl,0.5296291296275735,314
cup,0.5290789952210864,390
refrigerator,0.5250858593155436,101
truck,0.5111155955885818,250
microwave,0.5091771598208147,54
bottle,0.5041550012937874,379
cake,0.49814086505280475,124
stop sign,0.49119604034039666,69
bench,0.4894408542999073,235
fork,0.4880514447602963,155
sandwich,0.48172153120104066,98
book,0.4782394871736612,230
remote,0.4682257773193064,145
hot dog,0.4515159248274644,51
suitcase,0.4494719075458647,105
carrot,0.44305028078409175,81
knife,0.4372064579468376,181
cell phone,0.4180232042898976,214
wine glass,0.4174003255360441,110
donut,0.4163577226156825,62
handbag,0.39292394686093635,292
potted plant,0.38392456673895875,172
apple,0.3667875546330107,76
backpack,0.36633614655801966,228
parking meter,0.36580103655299884,37
toothbrush,0.34342800711950056,34
scissors,0.29617295671572524,28
spoon,0.29478153282809655,153
toaster,0.08567709365590548,8
hair drier,0.03806655454498173,9
